polygon_id,vertex_index,x,y,max_speed
1,1,-17.939999999999998,-6.220000000000002,1.0
1,2,-19.47,-1.990000000000002,1.0
1,3,-4.379999999999999,1.9699999999999953,1.0
1,4,-3.330000000000002,-2.4700000000000024,1.0
2,1,2.039999999999999,-16.51,3.0
2,2,1.1400000000000006,-12.760000000000002,3.0
2,3,3.0599999999999987,-9.430000000000003,3.0
2,4,7.109999999999996,-8.05,3.0
2,5,8.790000000000003,-14.740000000000002,3.0
